gene,n_pairs,mean_CXCR3-,mean_CXCR3+,log2FC,pvalue,padj,is_zinc,padj_zinc_panel
CST7,19,0.5919422,0.84659094,0.36738048166661236,3.8146973e-06,0.00016148885091145834,False,
GZMK,19,0.53259647,0.82079566,0.41578353689941755,3.8146973e-06,0.00016148885091145834,False,
HOPX,19,0.2762699,0.42215705,0.21047064829939657,3.8146973e-06,0.00016148885091145834,False,
IFNG-AS1,19,0.28327262,0.45811784,0.2522483298816883,7.6293945e-06,0.00019378662109375,False,
CCL5,19,1.0631622,1.5441707,0.693948620370226,7.6293945e-06,0.00019378662109375,False,
CXCR6,19,0.06532682,0.118741736,0.07706143800390768,1.1444092e-05,0.0002422332763671875,False,
CTSW,19,0.4213949,0.61756414,0.283012371489714,1.9073486e-05,0.00034604753766741075,False,
GZMA,19,0.6100018,0.91708356,0.44302533082211015,5.340576e-05,0.0008478164672851562,False,
ITM2C,19,0.24316695,0.39559576,0.21990828225681863,7.247925e-05,0.0010227627224392362,False,
CD8A,19,0.2237722,0.35952374,0.19584808138376258,9.536743e-05,0.0011010603471235795,False,
CD8B,19,0.23637408,0.36327067,0.183073081090685,9.536743e-05,0.0011010603471235795,False,
STMN1,19,0.13631167,0.22066171,0.12169139810618071,0.00012588501,0.0013322830200195312,False,
GZMH,19,0.104033425,0.18597002,0.11820952334813771,0.0002670288,0.002608666053185096,False,
NKG7,19,0.50383204,0.74556035,0.3487402280441723,0.0005226135,0.004148244857788086,False,
IRF7,19,0.20629637,0.2866203,0.11588292054943428,0.0005226135,0.004148244857788086,False,
XBP1,19,0.541478,0.76669,0.3249122897411065,0.0005226135,0.004148244857788086,False,
MZB1,19,0.14725201,0.3343472,0.2699212885821819,0.00064468384,0.004816167494829963,False,
TNFRSF17,19,0.040150356,0.1086216,0.09878311553077238,0.0011841932,0.008355140802450478,False,
TGFBR3,19,0.16021948,0.21460463,0.07846119405036439,0.001411438,0.008535839262462796,False,
CLIC3,19,0.11619069,0.20253734,0.12457189252981918,0.001411438,0.008535839262462796,False,
TMSB4X,19,4.2642,4.422316,0.22811297259020522,0.001411438,0.008535839262462796,False,
TSHZ2,19,0.22658293,0.14565125,-0.11675973109919559,0.0016937256,0.008962631225585938,False,
CCL4,19,0.22581,0.31648836,0.13082120461638969,0.0016937256,0.008962631225585938,False,
PTGDR,19,0.09002571,0.14501552,0.07933353305120328,0.0016937256,0.008962631225585938,False,
PRF1,19,0.1939285,0.27249697,0.11335034702849128,0.0020217896,0.010270690917968749,False,
MAN1A1,19,0.12692124,0.20348087,0.11045220288530802,0.0023994446,0.011720363910381611,False,
IGLL5,19,0.038863182,0.10880878,0.10091016470989655,0.0045140525,0.020762852260044644,False,
TRGC2,19,0.09987688,0.13821329,0.05530775020615113,0.0045776367,0.020762852260044644,False,
MT-ATP6,19,3.0680146,3.1439,0.10947934002503983,0.005329132,0.023337923247238684,False,
PECAM1,19,0.09176693,0.1284392,0.05290690464685335,0.0061798096,0.02616119384765625,False,
TBX21,19,0.070444524,0.09975502,0.042286105293904926,0.0064908345,0.026591483368388107,False,
KCNQ5,19,0.16822636,0.21723765,0.07070834513645713,0.0083606485,0.03318132384447381,False,
PDE4D,19,0.25881025,0.21753296,-0.05955054070510526,0.00945282,0.03637903386896307,False,
IGHG4,19,0.09383148,0.23671226,0.20613339632945604,0.009882128,0.03691265408826225,False,
NCOA4,19,0.18242177,0.246407,0.09231117190265994,0.010826111,0.037220279660982056,False,
SLC39A11,19,0.1223945,0.15295777,0.04409347097182218,0.0108437035,0.037220279660982056,True,0.08045578002929688
ZFAT,19,0.05454211,0.10610549,0.07439023571745357,0.010826111,0.037220279660982056,False,
IGHG3,19,0.18442118,0.39651763,0.30599050051920396,0.012946023,0.04326697051721184,False,
CMC1,19,0.34515297,0.45869234,0.1638026830354836,0.0140686035,0.044667816162109374,False,
JCHAIN,19,0.21759778,0.3713064,0.22175464500081904,0.0140686035,0.044667816162109374,False,
MT1X,19,0.20442018,0.25585294,0.07420178572777064,0.015972137,0.04610139673406428,True,0.08045578002929688
ENSG00000289901,19,0.84723777,0.9466346,0.1433993062720607,0.015906446,0.04610139673406428,False,
IGHGP,19,0.07438354,0.19094346,0.16816042243870816,0.015085824,0.04610139673406428,False,
CISH,19,0.21597877,0.26640204,0.07274539364460166,0.015972137,0.04610139673406428,False,
MT1E,19,0.06128387,0.091204226,0.043165947037887696,0.01762066,0.048648344919733376,True,0.08045578002929688
IGHG1,19,0.27063036,0.53375053,0.37960217077620156,0.01762066,0.048648344919733376,False,
DERL3,19,0.101578675,0.18134013,0.11507145265808516,0.018081665,0.04885896723321143,False,
NELL2,19,0.18187551,0.22838108,0.06709335580664631,0.020412445,0.054007927576700844,False,
KLRD1,19,0.09429035,0.1551023,0.08773309047693309,0.022987366,0.05838790893554687,False,
MT1F,19,0.096374445,0.13129319,0.05037710434615551,0.022987366,0.05838790893554687,True,0.08045578002929688
LINC00152,19,0.08264656,0.13065372,0.06925969227257697,0.02770785,0.06899798080763396,False,
SLC39A6,19,0.08340818,0.10186771,0.026631481239358882,0.036067963,0.0880890626173753,True,0.10099029541015625
ZC3H12B,19,0.22768515,0.18636262,-0.05961580812110769,0.03860705,0.09079806141003414,False,
IGKC,19,0.61049116,0.8541333,0.3515013235124493,0.038579702,0.09079806141003414,False,
MYBL1,19,0.17387433,0.20356543,0.04283520290244716,0.040130615,0.09266523881392046,False,
SLC39A14,19,0.007150282,0.018310033,0.016100116895702496,0.044233676,0.10031565817605172,True,0.10321191077431044
RARRES3,19,0.21740153,0.2478605,0.04394300765014858,0.046399474,0.10338128449624046,False,
TOX,19,0.27070904,0.33219033,0.08869876231261209,0.049365997,0.1080945113609577,False,
LINC01934,19,0.3149962,0.37522545,0.0868924285306,0.06403014,0.13782759086560395,False,
SLC39A7,19,0.064367,0.08282808,0.0266337170138201,0.066287994,0.14030958811442057,True,0.13257598876953125
DUSP2,19,0.4395408,0.50810385,0.0989155636697681,0.072834015,0.15163803100585938,False,
VIMP,19,0.116685405,0.15345721,0.05305049941140812,0.074735515,0.1530872642272903,False,
HLA-DRA,19,1.083243,0.935758,-0.21277590375156166,0.079875946,0.15850383043289185,False,
TYROBP,19,0.31164417,0.375411,0.09199609968627928,0.079875946,0.15850383043289185,False,
PLCB1,19,0.15154508,0.20863903,0.08236915582591998,0.08742905,0.16823468063816882,False,
ST8SIA1,19,0.13585135,0.1572617,0.03088860004291302,0.08742905,0.16823468063816882,False,
MYO1D,19,0.1439897,0.17970692,0.051529054890550284,0.09360338,0.17742730243437327,False,
HIST1H4C,19,0.12773804,0.15754974,0.04300918485162625,0.11585152,0.2163697533747729,False,
IFITM3,19,0.23827967,0.2704998,0.046483814840501646,0.13362122,0.24594049868376358,False,
TIGIT,19,0.21470678,0.24390958,0.042130740466681735,0.14468765,0.2625047411237444,False,
MT2A,19,0.46183035,0.5034535,0.06004950537092098,0.15640259,0.27305901622119017,True,0.24329291449652776
SLC39A4,19,0.055977464,0.063076176,0.010241276638156924,0.15640259,0.27305901622119017,True,0.24329291449652776
IGHM,19,0.25872943,0.21473569,-0.06346955236597879,0.15695518,0.27305901622119017,False,
CTSA,19,0.2043524,0.22181173,0.02518849305404152,0.18186569,0.3121208500217747,False,
RPL27A,19,2.5204344,2.5735948,0.0766942872910626,0.19563293,0.3269129301372327,False,
PRKCA,19,0.28732604,0.24933459,-0.054810075410216874,0.19563293,0.3269129301372327,False,
IGHG2,19,0.09825118,0.1591326,0.08783332411563907,0.20967491,0.34582744848418545,False,
TALAM1,19,0.94282293,0.90392905,-0.05611200557507969,0.22133008,0.3603707655118062,False,
PPP2R2B,19,0.13720493,0.16729093,0.04340491693126157,0.2412529,0.3878369391718997,False,
SLC30A1,19,0.022882974,0.030912923,0.011584767485492309,0.24846555,0.39443906527012584,True,0.34785177409648893
MT-ND3,19,3.4040399,3.388848,-0.02191712506065461,0.25792694,0.39947221337295163,False,
FTH1,19,2.8661263,2.9022875,0.0521695612780261,0.25792694,0.39947221337295163,False,
NAMPT,19,0.12533256,0.13233213,0.010098240817217462,0.27534103,0.4213049555399332,False,
RPS20,19,1.7666048,1.7389629,-0.03987882113411548,0.293499,0.44374252500988187,False,
ENSG00000282885,19,0.23123872,0.24111018,0.014241496356984741,0.3108968,0.4645164160167469,False,
CD68,19,0.12152213,0.12734677,0.00840317981031362,0.33206558,0.4903759180113327,False,
MTRNR2L10,19,0.22045116,0.26984507,0.07126034495223267,0.34544757,0.49294203821192967,False,
MTRNR2L1,19,0.17631051,0.18766184,0.016376510482627005,0.34544757,0.49294203821192967,False,
FYB,19,0.23810454,0.26290965,0.03578621448502729,0.34544757,0.49294203821192967,False,
LINC02964,19,0.14063033,0.14529322,0.006727122886330118,0.42157888,0.5948946475982666,False,
RGS1,19,0.15939796,0.16058727,0.0017158064141641683,0.44133377,0.6159273503900885,False,
CST3,19,0.3489214,0.37389493,0.03602920447286508,0.46531677,0.6286726606653091,False,
CDK14,19,0.14073186,0.12609477,-0.021116846790527243,0.46531677,0.6286726606653091,False,
C9orf142,19,0.15734145,0.16502447,0.011084260350276659,0.46307105,0.6286726606653091,False,
RHOB,19,0.14954193,0.12461661,-0.03595963749059108,0.47239923,0.6315231875369424,False,
IFI30,19,0.269155,0.28984824,0.029854038406647795,0.48996735,0.6481859683990479,False,
RPS17,19,1.9192067,1.936368,0.02475845043555907,0.51527786,0.6746421499350637,False,
SLC39A9,19,0.08387575,0.08972647,0.00844080101518986,0.5412178,0.6873466110229491,True,0.6314207712809246
SLC39A1,19,0.088324636,0.08893136,0.0008753164504819435,0.5412178,0.6873466110229491,True,0.6314207712809246
MT-ND4L,19,2.3622487,2.3903258,0.0405067297924156,0.5412178,0.6873466110229491,False,
AIF1,19,0.17482401,0.17661592,0.002585178714275666,0.56776047,0.7139166274873336,False,
FOS,19,0.17139554,0.1548425,-0.02388099495085702,0.5861804,0.7298520528802684,False,
RP11-347P5.1,19,0.1469675,0.14871451,0.0025204057483944604,0.6001795,0.7329114967813859,False,
H2AFZ,19,0.3024855,0.3094465,0.0100426259274947,0.6001795,0.7329114967813859,False,
NUDT1,19,0.13168168,0.13870966,0.010139237181616884,0.6225624,0.7459002440830447,False,
PLCL1,19,0.13651784,0.13724837,0.0010539311823186492,0.6191537,0.7459002440830447,False,
MT-CYB,19,3.24497,3.251356,0.009212766641418933,0.6507492,0.7723845722519349,False,
SLC30A9,19,0.14525734,0.1513952,0.008855064225455648,0.7085571,0.7786959327500441,True,0.70855712890625
RUFY1,19,0.12793769,0.120176844,-0.011196532774543036,0.7085571,0.7786959327500441,False,
LST1,19,0.16972882,0.16227612,-0.010751968370978355,0.6794281,0.7786959327500441,False,
FHIT,19,0.18855384,0.1855153,-0.004383687285673487,0.6794281,0.7786959327500441,False,
TBXAS1,19,0.100441135,0.08896638,-0.016554577019764087,0.7085571,0.7786959327500441,False,
IGLC2,19,0.15690657,0.15644191,-0.0006703668752318702,0.68740886,0.7786959327500441,False,
IGHA1,19,0.19959801,0.22056876,0.030254392520025056,0.7112498,0.7786959327500441,False,
SLC39A10,19,0.24265905,0.24457254,0.002760579520324373,0.6794281,0.7786959327500441,True,0.70855712890625
ENSG00000249806,19,0.14964442,0.15325677,0.005211525775601617,0.70070344,0.7786959327500441,False,
RUNX2,19,0.19424443,0.19918914,0.0071337113708011555,0.7380905,0.7943855544268075,False,
CD74,19,2.043211,2.0639927,0.02998173552491343,0.7380905,0.7943855544268075,False,
HMHA1,19,0.14549194,0.13703851,-0.012195719729308918,0.7531524,0.8037844625841669,False,
ENSG00000290067,19,0.11308507,0.110047415,-0.004382408164707695,0.8613042,0.9115469699104627,False,
HLA-DQB2,19,0.050282847,0.054085437,0.005485977839631622,0.91330093,0.9364622192382812,False,
C1orf56,19,0.23878196,0.21299884,-0.037197181650537134,0.9217148,0.9364622192382812,False,
PITPNA,19,0.11105864,0.10828128,-0.004006884046548752,0.9217148,0.9364622192382812,False,
C10orf54,19,0.13098007,0.13470902,0.005379724808145444,0.9165119,0.9364622192382812,False,
AES,19,0.29232794,0.29423508,0.0027514214441659284,0.9165119,0.9364622192382812,False,
AUTS2,19,0.19821991,0.19971898,0.0021627033324311765,0.95298386,0.9529838562011719,False,
FTL,19,2.8435838,2.839431,-0.005991187625456802,0.95298386,0.9529838562011719,False,
