gene,n_HC,n_MS,mean_HC,mean_MS,log2FC,pvalue,padj,is_zinc,padj_zinc_panel
SLC39A9,8,18,0.03709303,0.10963077,0.10464984146158289,0.0021302267,0.14850138686597347,True,0.023896774897972744
SLC39A14,8,18,0.0024223882,0.0077143097,0.007634628980234294,0.004948553,0.14850138686597347,True,0.023896774897972744
SLC30A9,8,18,0.070506305,0.1619127,0.1318715456608716,0.0051207375,0.14850138686597347,True,0.023896774897972744
SLC39A11,8,18,0.04726712,0.19958542,0.2197488543394688,0.0132883135,0.2392559798265045,True,0.0465090973302722
MT1X,8,18,0.15500408,0.1202195,-0.0501835486215251,0.030250756,0.2392559798265045,True,0.07036661356687546
SLC39A10,8,18,0.10231317,0.1872181,0.12249192360136868,0.02590453,0.2392559798265045,True,0.07036661356687546
PECAM1,8,18,0.19884795,0.3361938,0.19814817735640178,0.02590453,0.2392559798265045,False,
FCRL1,8,18,0.26396146,0.5314819,0.38595043738051227,0.022075498,0.2392559798265045,False,
TALAM1,8,18,0.32983965,0.9946658,0.9591413964517544,0.029757833,0.2392559798265045,False,
NAMPT,8,18,0.1457051,0.28376082,0.1991722910466271,0.02590453,0.2392559798265045,False,
PDE4D,8,18,0.13579354,0.381952,0.3551315763025241,0.02590453,0.2392559798265045,False,
SLC39A6,8,18,0.04955533,0.07273233,0.03343733993303713,0.035183307,0.25507897417992353,True,0.07036661356687546
NCOA4,8,18,0.21952093,0.29287755,0.10583124403493792,0.079968,0.5351704479410098,False,
IFI30,8,18,0.30871806,0.5299281,0.31913861717332836,0.10207166,0.5550146391615272,False,
TBXAS1,8,18,0.1511307,0.26477635,0.16395600556872778,0.10207166,0.5550146391615272,False,
ENSG00000289901,8,18,0.3825002,0.8914958,0.7343255032612401,0.097202435,0.5550146391615272,False,
HBB,8,18,1.3804262,0.39456,-1.4223042618547164,0.1147186,0.5870893115506453,False,
AES,8,18,0.46751413,0.21015903,-0.3712849177978253,0.12802765,0.6188002973794937,False,
CTSA,8,18,0.18422282,0.22897655,0.06456598476089191,0.14350355,0.6570951875887419,False,
IFITM3,8,18,0.3637697,0.46195596,0.14165282245254887,0.1960884,0.7236743867397307,False,
RPS20,8,18,2.8709261,2.342673,-0.7621080966295708,0.2162705,0.7236743867397307,False,
IGHM,8,18,0.84266394,1.0407299,0.2857487444519294,0.1772428,0.7236743867397307,False,
RPL27A,8,18,3.2305698,2.665839,-0.8147344438282885,0.1960884,0.7236743867397307,False,
CMC1,8,18,0.20444924,0.2416901,0.053727208146890554,0.2162705,0.7236743867397307,False,
PLD4,8,18,0.11685911,0.13750666,0.029788126055704623,0.1960884,0.7236743867397307,False,
ACTN1,8,18,0.12767589,0.15562443,0.040321225005628694,0.2162705,0.7236743867397307,False,
MT1F,8,18,0.0769953,0.065820664,-0.01612158919838561,0.23785697,0.7664280119869444,True,0.4057373404502868
FTL,8,18,3.1599252,3.0621674,-0.14103471680534796,0.26083115,0.7824934422969818,False,
SLC39A1,8,18,0.08320341,0.10155718,0.026478889632380855,0.26083115,0.7824934422969818,True,0.4057373404502868
FHIT,8,18,0.19822085,0.31314534,0.16580099245152127,0.28524685,0.8005314796201645,False,
H2AFZ,8,18,0.4151376,0.21552955,-0.28797353352132204,0.28102,0.8005314796201645,False,
RPS17,8,18,2.8243227,2.2682974,-0.8021748948010794,0.3383425,0.8029887619856242,False,
MNDA,8,18,0.2001352,0.26498887,0.09356406551419551,0.3383425,0.8029887619856242,False,
MTRNR2L10,8,18,0.54403466,0.3051195,-0.3446816954577863,0.34150097,0.8029887619856242,False,
CD8B,8,18,0.23839933,0.18313296,-0.07973251130337362,0.31106943,0.8029887619856242,False,
KLRD1,8,18,0.1929978,0.2238444,0.04450223073726036,0.31106943,0.8029887619856242,False,
NELL2,8,18,0.113132894,0.14885736,0.0515395028365902,0.3383425,0.8029887619856242,False,
CD74,8,18,3.1057086,3.3216565,0.31154691600327955,0.36701092,0.8402618459965053,False,
MT2A,8,18,0.40216446,0.38019073,-0.031701390050890656,0.49543518,0.8872155833244324,True,0.6755411624908447
TMSB4X,8,18,4.3443766,4.16212,-0.2629408352511309,0.42854938,0.8872155833244324,False,
NUDT1,8,18,0.13957119,0.14939474,0.01417238082916925,0.7236191,0.8872155833244324,False,
STMN1,8,18,0.18243326,0.16909477,-0.019243375281184597,0.46135667,0.8872155833244324,False,
SLC39A4,8,18,0.055132695,0.060336657,0.0075077306407650484,0.53078234,0.8872155833244324,True,0.6755411624908447
PPBP,8,18,0.17577422,0.25624445,0.11609400775553702,0.42854938,0.8872155833244324,False,
PRF1,8,18,0.27505836,0.29361242,0.02676785273257741,0.64356273,0.8872155833244324,False,
SERPINA1,8,18,0.24432856,0.29422212,0.07198118873549277,0.42854938,0.8872155833244324,False,
NKG7,8,18,0.5598365,0.589442,0.04271171935912766,0.68317807,0.8872155833244324,False,
S100A8,8,18,0.42786485,0.44734108,0.028098267523989383,0.764841,0.8872155833244324,False,
LYZ,8,18,0.495945,0.55672336,0.08768462361613681,0.567283,0.8872155833244324,False,
GZMA,8,18,0.3195579,0.35141298,0.04595716096789701,0.42854938,0.8872155833244324,False,
CFD,8,18,0.26095223,0.2799743,0.027443056619864795,0.64356273,0.8872155833244324,False,
FCGR3A,8,18,0.34676787,0.37087104,0.034773516143253004,0.764841,0.8872155833244324,False,
FCN1,8,18,0.32567394,0.3650469,0.056803160853234606,0.7236191,0.8872155833244324,False,
FOS,8,18,0.34656286,0.4482575,0.14671435785876677,0.7236191,0.8872155833244324,False,
FTH1,8,18,2.9488702,2.8866303,-0.08979317391137756,0.764841,0.8872155833244324,False,
GNLY,8,18,0.508215,0.47909582,-0.042010116134932836,0.764841,0.8872155833244324,False,
MT-ND4L,8,18,1.7962081,2.40759,0.8820374464863366,0.764841,0.8872155833244324,False,
GZMB,8,18,0.20483132,0.22199705,0.02476492128279778,0.567283,0.8872155833244324,False,
GZMH,8,18,0.21818565,0.20889167,-0.013408369400542582,0.764841,0.8872155833244324,False,
HLA-DRA,8,18,2.1919093,2.2916021,0.14382633919415305,0.7236191,0.8872155833244324,False,
CST7,8,18,0.32808062,0.3540117,0.037410655115920594,0.567283,0.8872155833244324,False,
HOPX,8,18,0.23762211,0.24284066,0.007528777017664384,0.68317807,0.8872155833244324,False,
CD8A,8,18,0.18839395,0.19862218,0.01475621893318577,0.60491914,0.8872155833244324,False,
IGLC2,8,18,0.5356064,0.4703241,-0.09418242913537274,0.64356273,0.8872155833244324,False,
IGLC3,8,18,0.40849894,0.31215453,-0.13899560450539306,0.64356273,0.8872155833244324,False,
IRF7,8,18,0.20352262,0.2253013,0.031419983438416385,0.53078234,0.8872155833244324,False,
CD68,8,18,0.22452882,0.24722594,0.032745023771988895,0.68317807,0.8872155833244324,False,
JCHAIN,8,18,0.3713069,0.37262955,0.0019081905069855776,0.68317807,0.8872155833244324,False,
CCL5,8,18,0.52696973,0.57854295,0.07440442428614974,0.53078234,0.8872155833244324,False,
TYROBP,8,18,0.6594893,0.6797722,0.029262074122378006,0.764841,0.8872155833244324,False,
MT-ATP6,8,18,3.463219,3.3475213,-0.166916385933692,0.49543518,0.8872155833244324,False,
MT-CYB,8,18,3.5013585,3.5825436,0.11712534471709857,0.49543518,0.8872155833244324,False,
AIF1,8,18,0.5404234,0.50478816,-0.05141077382241939,0.64356273,0.8872155833244324,False,
IGHD,8,18,0.6030409,0.60231227,-0.0010511579620734865,0.68317807,0.8872155833244324,False,
CST3,8,18,0.4817363,0.53750074,0.0804510763165098,0.567283,0.8872155833244324,False,
SLC30A1,8,18,0.018695045,0.019907363,0.0017490044402385298,0.8066826,0.9234392768458316,True,0.9411296844482422
SPON2,8,18,0.18482515,0.17600803,-0.01272041729925999,0.84908867,0.9593599245145723,False,
S100A9,8,18,0.5449817,0.54217744,-0.00404571987889671,0.89189035,0.9948007716582371,False,
MT1E,8,18,0.027023498,0.02580633,-0.0017560019843455104,0.97831047,1.0,True,0.9783104658126831
CTSW,8,18,0.40556875,0.3890192,-0.02387596445831928,0.9350223,1.0,False,
IGHA1,8,18,0.21267831,0.21460584,0.0027808304774634687,0.9350223,1.0,False,
IGKC,8,18,1.0500686,0.9244337,-0.18125285970961574,1.0,1.0,False,
ITM2C,8,18,0.157561,0.16435936,0.009807955600392397,0.97831047,1.0,False,
LST1,8,18,0.50586784,0.5053741,-0.0007123521398737534,1.0,1.0,False,
MT-ND3,8,18,3.660027,3.6518626,-0.011778747792292038,0.9350223,1.0,False,
SLC39A7,8,18,0.07737988,0.07747087,0.0001312657582710387,0.97831047,1.0,True,0.9783104658126831
XBP1,8,18,0.32627156,0.33318195,0.009969576296540723,1.0,1.0,False,
