gene,n_pairs,mean_PB,mean_CSF,log2FC,pvalue,padj,is_zinc,padj_zinc_panel
DMXL2,18,0.12720649,0.021799164,-0.1520706285329008,7.6293945e-06,4.018147786458333e-05,False,
PF4,18,0.15809998,0.00036119216,-0.2275689699676948,7.6293945e-06,4.018147786458333e-05,False,
PECAM1,18,0.33619377,0.09404148,-0.34935190583979725,7.6293945e-06,4.018147786458333e-05,False,
PCDH9,18,0.17410488,0.024072876,-0.21645044207423372,7.6293945e-06,4.018147786458333e-05,False,
DUSP6,18,0.1591877,0.027251743,-0.19034334668627123,7.6293945e-06,4.018147786458333e-05,False,
NRGN,18,0.15270212,0.007112003,-0.2100421535247719,7.6293945e-06,4.018147786458333e-05,False,
FCGR3A,18,0.37087104,0.031859532,-0.48909019592511,7.6293945e-06,4.018147786458333e-05,False,
FCN1,18,0.36504686,0.033947024,-0.4776760943483098,7.6293945e-06,4.018147786458333e-05,False,
PPBP,18,0.25624445,9.701823e-05,-0.3695426475532596,7.6293945e-06,4.018147786458333e-05,False,
FCRL1,18,0.5314819,0.06836694,-0.6681336805104167,7.6293945e-06,4.018147786458333e-05,False,
LILRB2,18,0.16567867,0.021842219,-0.20751211674792913,7.6293945e-06,4.018147786458333e-05,False,
GNLY,18,0.47909588,0.1376428,-0.4926126585887566,7.6293945e-06,4.018147786458333e-05,False,
GZMB,18,0.22199705,0.04000761,-0.26255527164572784,7.6293945e-06,4.018147786458333e-05,False,
GZMK,18,0.13302396,0.53945845,0.5863610035133516,7.6293945e-06,4.018147786458333e-05,False,
IGLC3,18,0.31215453,0.07011072,-0.34919540162751206,7.6293945e-06,4.018147786458333e-05,False,
IGLC2,18,0.4703241,0.15767492,-0.4510574365653559,7.6293945e-06,4.018147786458333e-05,False,
IGHM,18,1.0407299,0.2598933,-1.1265090648613105,7.6293945e-06,4.018147786458333e-05,False,
FCRL5,18,0.15265387,0.038069177,-0.1653107774030682,7.6293945e-06,4.018147786458333e-05,False,
PPM1L,18,0.13677306,0.04659536,-0.1300989204784286,7.6293945e-06,4.018147786458333e-05,False,
IGHD,18,0.6023123,0.051623948,-0.7944754035046023,7.6293945e-06,4.018147786458333e-05,False,
RGS1,18,0.020970382,0.15996599,0.20052828825735491,7.6293945e-06,4.018147786458333e-05,False,
STEAP1B,18,0.15501702,0.021445375,-0.19270314213659118,7.6293945e-06,4.018147786458333e-05,False,
S100A9,18,0.5421774,0.028777726,-0.7406791443233903,7.6293945e-06,4.018147786458333e-05,False,
S100A8,18,0.44734108,0.028788187,-0.6038442008564494,7.6293945e-06,4.018147786458333e-05,False,
TCF7L2,18,0.1882538,0.019742418,-0.2431105476760456,7.6293945e-06,4.018147786458333e-05,False,
RUNX2,18,0.10223014,0.2005591,0.14185869643454735,7.6293945e-06,4.018147786458333e-05,False,
CFD,18,0.2799743,0.061232977,-0.3155770284566105,7.6293945e-06,4.018147786458333e-05,False,
VCAN,18,0.22755581,0.022379348,-0.2960070581214374,7.6293945e-06,4.018147786458333e-05,False,
RGS18,18,0.14848475,0.025341988,-0.17765745490417195,7.6293945e-06,4.018147786458333e-05,False,
TIGIT,18,0.07064626,0.22388853,0.22108184887064372,7.6293945e-06,4.018147786458333e-05,False,
HLA-DRA,18,2.2916021,1.087587,-1.7370266655235267,1.5258789e-05,6.888253348214286e-05,False,
DUSP2,18,0.16787554,0.3934051,0.3253703870295109,1.5258789e-05,6.888253348214286e-05,False,
COL19A1,18,0.31618956,0.038063593,-0.40125095990584747,1.5258789e-05,6.888253348214286e-05,False,
IRAK3,18,0.15167914,0.029714704,-0.1759574923917185,1.5258789e-05,6.888253348214286e-05,False,
CD74,18,3.3216567,2.0598807,-1.820357935294036,1.5258789e-05,6.888253348214286e-05,False,
TBXAS1,18,0.26477632,0.10370311,-0.23237951819280978,2.2888184e-05,8.82032440929878e-05,False,
MAP3K7CL,18,0.13390757,0.043311343,-0.13070273006777658,2.2888184e-05,8.82032440929878e-05,False,
MS4A7,18,0.24623305,0.04968119,-0.28356439280332085,2.2888184e-05,8.82032440929878e-05,False,
FHIT,18,0.31314534,0.19681092,-0.16783509575676978,2.2888184e-05,8.82032440929878e-05,False,
SERPINA1,18,0.29422215,0.062719315,-0.33398798620978776,2.2888184e-05,8.82032440929878e-05,False,
CX3CR1,18,0.16190046,0.04648535,-0.16650880854897854,2.2888184e-05,8.82032440929878e-05,False,
SPON2,18,0.17600805,0.06832501,-0.1553537773378718,3.8146973e-05,0.0001310265582540761,False,
KHDRBS2,18,0.26313967,0.06933823,-0.27959636608695143,3.8146973e-05,0.0001310265582540761,False,
GZMA,18,0.35141298,0.602599,0.3623848586113377,3.8146973e-05,0.0001310265582540761,False,
MT1X,18,0.12021951,0.2003787,0.11564527277268892,3.8146973e-05,0.0001310265582540761,True,0.0005340576171875
LST1,18,0.50537413,0.1688666,-0.4854777433393994,3.8146973e-05,0.0001310265582540761,False,
CSTA,18,0.18185471,0.038676277,-0.20656281551082914,5.340576e-05,0.00017953426279920215,False,
MNDA,18,0.2649889,0.0823926,-0.2634307708277763,7.6293945e-05,0.00024108886718749998,False,
CCL5,18,0.57854295,1.0688065,0.7073008374352618,7.6293945e-05,0.00024108886718749998,False,
TOX,18,0.12706743,0.28276002,0.2246169307612974,7.6293945e-05,0.00024108886718749998,False,
MYO1D,18,0.08445775,0.15160547,0.09687368889848372,0.00010681152,0.0003125226056134259,False,
NCOA4,18,0.29287755,0.17987551,-0.16302749273455083,0.00010681152,0.0003125226056134259,False,
RPS20,18,2.342673,1.7129357,-0.9085189911008902,0.00010681152,0.0003125226056134259,False,
ACTN1,18,0.15562445,0.08083763,-0.10789457364191743,0.00010681152,0.0003125226056134259,False,
KLRD1,18,0.22384436,0.088063635,-0.19589017413756124,0.0001449585,0.00041642622514204543,False,
ST6GALNAC3,18,0.15337637,0.052579455,-0.14541921025969737,0.00019073486,0.0005195880758351293,False,
CST7,18,0.3540117,0.6010517,0.3564033450099919,0.00019073486,0.0005195880758351293,False,
MT1E,18,0.02580633,0.06468853,0.05609516202421082,0.00019073486,0.0005195880758351293,True,0.00133514404296875
XBP1,18,0.33318195,0.52533776,0.27722223158311576,0.00025177002,0.0006416074691280242,False,
AIF1,18,0.5047881,0.17296153,-0.4787245435836322,0.00025177002,0.0006416074691280242,False,
FOS,18,0.44825757,0.16926306,-0.4025039825043712,0.00025177002,0.0006416074691280242,False,
CISH,18,0.07583819,0.2210897,0.20955363680499609,0.00025177002,0.0006416074691280242,False,
HMOX1,18,0.12797618,0.042116314,-0.1238696013750209,0.00032806396,0.0008227635943700396,False,
LYZ,18,0.55672336,0.17561561,-0.5498222574416427,0.0004196167,0.0010199913611778845,False,
RPS17,18,2.2682974,1.8621758,-0.5859096350461621,0.0004196167,0.0010199913611778845,False,
IFITM3,18,0.46195596,0.2451964,-0.31271794587300444,0.0005340576,0.0012594194554570897,False,
CMC1,18,0.24169013,0.34722042,0.1522480286372658,0.0005340576,0.0012594194554570897,False,
MYO1E,18,0.11018281,0.054858662,-0.0798158691444637,0.0006713867,0.0015599867876838235,False,
IFI30,18,0.529928,0.2822118,-0.3573789595926739,0.0008392334,0.0018675898162411973,False,
GAS7,18,0.15041225,0.055663917,-0.13669295029082226,0.0008392334,0.0018675898162411973,False,
MCTP1,18,0.13528034,0.041127577,-0.13583372496711169,0.0008392334,0.0018675898162411973,False,
NELL2,18,0.14885736,0.18711798,0.055198412235865094,0.001045227,0.0022019449869791667,False,
STMN1,18,0.16909477,0.13268712,-0.052525135408684955,0.001045227,0.0022019449869791667,False,
CDK14,18,0.31133983,0.14837453,-0.23510922682730429,0.001045227,0.0022019449869791667,False,
ITM2C,18,0.16435935,0.24230334,0.11244941591194646,0.001045227,0.0022019449869791667,False,
SLC39A10,18,0.1872181,0.25137106,0.09255315149242392,0.0012893677,0.0026805275364925984,True,0.006017049153645834
LINC01934,18,0.12662865,0.33249602,0.29700382657017554,0.0014737805,0.002947560977190733,False,
LARGE1,18,0.20599177,0.05464807,-0.21834281017733992,0.0014737805,0.002947560977190733,False,
LIX1-AS1,18,0.2301961,0.020306729,-0.3028063707254672,0.0014737805,0.002947560977190733,False,
CCSER1,18,0.2240572,0.09992708,-0.17908190120994316,0.0015792847,0.003119087219238281,False,
ADAM7-AS1,18,0.16527095,0.055274464,-0.15869139089858794,0.0018714329,0.0036059316395350345,False,
PRKN,18,0.15936787,0.10461181,-0.07899630731960834,0.0018714329,0.0036059316395350345,False,
TYROBP,18,0.6797722,0.31149143,-0.5313168382174791,0.0019302368,0.003674426710749247,False,
IGKC,18,0.9244338,0.591326,-0.4805730131151057,0.0023345947,0.004239838698814655,False,
GZMH,18,0.20889165,0.10916737,-0.1438717211161495,0.0023345947,0.004239838698814655,False,
JCHAIN,18,0.37262955,0.21400322,-0.22884942379903112,0.0023345947,0.004239838698814655,False,
MYBL1,18,0.10706054,0.17954575,0.1045740508571308,0.0023345947,0.004239838698814655,False,
LINC02964,18,0.050108865,0.14844312,0.14186633891359507,0.0023655759,0.00424728394930505,False,
NAMPT,18,0.28376082,0.1270711,-0.22605547964443937,0.0028076172,0.004984309164325843,False,
FTL,18,3.0621674,2.8358011,-0.3265775117580856,0.003364563,0.005841768704927885,False,
CD68,18,0.24722594,0.12256449,-0.17984846013158573,0.003364563,0.005841768704927885,False,
SLC8A1,18,0.18027431,0.07132907,-0.15717475114303858,0.004005432,0.0068049277028729835,False,
MT1F,18,0.065820664,0.097780496,0.0461082907223427,0.004005432,0.0068049277028729835,True,0.014019012451171875
HBB,18,0.39456,0.11347057,-0.4055263196193088,0.0047454834,0.007976450818650267,False,
CPVL,18,0.15138255,0.057562247,-0.13535408685168668,0.0055999756,0.009313643606085527,False,
SLC38A4-AS1,18,0.14884745,0.08023565,-0.09898589382505531,0.005771587,0.009499070496531203,False,
MT-CYB,18,3.5825436,3.2969332,-0.4120487616532808,0.006576538,0.01060298997528699,False,
SLC39A11,18,0.19958541,0.1291942,-0.10155304660773741,0.006576538,0.01060298997528699,True,0.018414306640625
ENSG00000287092,18,0.19968277,0.10437935,-0.13749377675564925,0.0071324133,0.011383043498628669,False,
RUFY1,18,0.16689265,0.1288603,-0.05486908695729417,0.008964539,0.014163970947265623,False,
IGHG1,18,0.11447673,0.27176404,0.22691760717538326,0.010406494,0.01596335994387136,False,
PLD4,18,0.13750666,0.094749816,-0.061685092627373324,0.010406494,0.01596335994387136,False,
TSHZ2,18,0.17209673,0.23761755,0.09452656641974921,0.010406494,0.01596335994387136,False,
KCNQ5,18,0.25913778,0.17757227,-0.11767416285383314,0.012031555,0.018278708824744593,False,
FOSB,18,0.1340386,0.032651722,-0.14627034164990171,0.013870239,0.020871407645089286,False,
ENSG00000282885,18,0.16681787,0.24408531,0.11147334987480594,0.015906446,0.023523063303154207,False,
PRF1,18,0.29361248,0.19225515,-0.1462277114503191,0.015930176,0.023523063303154207,False,
PLXDC2,18,0.21067157,0.110909924,-0.14392563767719496,0.020812988,0.030448631004050927,False,
SLC39A9,18,0.10963076,0.087482244,-0.031953559612718244,0.02684784,0.03856326016512784,True,0.0536956787109375
MT2A,18,0.38019073,0.46877855,0.1278052093617027,0.02684784,0.03856326016512784,True,0.0536956787109375
PDE4D,18,0.381952,0.27211607,-0.15845974101679142,0.038490295,0.054298809596470425,False,
AUTS2,18,0.3020817,0.20775504,-0.1360846046590578,0.038490295,0.054298809596470425,False,
C9orf142,18,0.08404454,0.14750248,0.09155046039114671,0.043114435,0.05923548450936442,False,
AES,18,0.21015903,0.25263578,0.06128098714242412,0.043114435,0.05923548450936442,False,
H2AFZ,18,0.21552955,0.26565975,0.0723225957952868,0.043114435,0.05923548450936442,False,
CD8B,18,0.18313295,0.24524437,0.08960784110724153,0.04827881,0.06575906687769396,False,
CCL4,18,0.15020272,0.2325197,0.11875829848920957,0.053855896,0.07272847493489584,False,
CST3,18,0.53750074,0.35034293,-0.270011643967379,0.059936523,0.0802539890095339,False,
NUDT1,18,0.14939474,0.13145804,-0.02587717608159028,0.06653595,0.08834184919084821,False,
IGHG3,18,0.090865254,0.17539877,0.12195607940585856,0.07368469,0.09701817830403645,False,
RARRES3,18,0.16085488,0.20427297,0.06263906964279364,0.079615794,0.1039611195976084,False,
PLCB1,18,0.21941884,0.15922557,-0.08684053276570215,0.08142853,0.1054566180119749,False,
C1orf56,18,0.17853911,0.21557832,0.05343627799512476,0.098739624,0.12683626500571646,False,
SLC39A7,18,0.07747086,0.061516643,-0.023017072350994736,0.10838318,0.1381011470671623,True,0.18967056274414062
PLCL1,18,0.12267497,0.14410216,0.03091289259234739,0.11870575,0.14885324145120288,False,
MZB1,18,0.16545771,0.14571294,-0.028485679942889214,0.11870575,0.14885324145120288,False,
RPL27A,18,2.6658387,2.4628031,-0.2929184431924236,0.12973785,0.1614061490757259,False,
FYB,18,0.16100423,0.22114985,0.08677178270101975,0.13801073,0.170356989139691,False,
MT-ND4L,18,2.40759,2.460545,0.07639813316627686,0.1540451,0.1886753998985586,False,
MT-ATP6,18,3.3475215,3.1377807,-0.30259212333815483,0.16735077,0.20339555006760815,False,
PRKCA,18,0.25503352,0.29771385,0.061574690514435086,0.18146515,0.2188663628265148,False,
IFNG-AS1,18,0.24592158,0.2986418,0.07605919835708898,0.19638824,0.23507077766187262,False,
SLC39A1,18,0.10155717,0.0877716,-0.0198883747154142,0.21214294,0.25201943763216633,True,0.3300001356336805
H2AC6,18,0.13501404,0.110202946,-0.03579484586431747,0.22133008,0.2609712841795452,False,
MTRNR2L10,18,0.3051195,0.22133535,-0.12087499646253495,0.22491589,0.2632348956885161,False,
CTSA,18,0.22897655,0.20255536,-0.03811771878928032,0.24620819,0.28603598650764017,False,
CD8A,18,0.19862218,0.23356873,0.05041720855055358,0.32472992,0.37450603847085995,False,
ZC3H12B,18,0.2604493,0.24033433,-0.02901975056731231,0.3318316,0.3799231410890386,False,
NKG7,18,0.589442,0.51436186,-0.10831776920111241,0.34655,0.39392013000927384,False,
RHOB,18,0.15104967,0.15079673,-0.0003649256872995221,0.41711426,0.4707432338169643,False,
HOPX,18,0.24284063,0.26825926,0.03667132319769274,0.4422989,0.4921353837134133,False,
TMSB4X,18,4.1621194,4.209174,0.06788567987917128,0.4422989,0.4921353837134133,False,
IRF7,18,0.22530133,0.2061766,-0.027591155180089033,0.46829224,0.5174137995793269,False,
SLC39A6,18,0.072732314,0.081419334,0.012532719733674591,0.49507904,0.5432117250230577,True,0.6651444868607954
SLC30A1,18,0.019907365,0.023484958,0.00516137670950159,0.5226135,0.5694685311153017,True,0.6651444868607954
CTSW,18,0.38901916,0.41284966,0.03438014882506705,0.5508728,0.592094577088648,False,
FTH1,18,2.88663,2.8529153,-0.04864013331701954,0.5508728,0.592094577088648,False,
SLC39A4,18,0.060336657,0.057339184,-0.004324439262451249,0.5798416,0.6148656038629928,True,0.6764818827311199
TGFBR3,18,0.15314166,0.16851823,0.02218369816949196,0.5798416,0.6148656038629928,False,
SLC30A9,18,0.16191268,0.14863701,-0.019152740424179894,0.7337265,0.7677403127910286,True,0.7901670015775241
MAN1A1,18,0.13703857,0.13299736,-0.005830233362080571,0.7337265,0.7677403127910286,False,
IGHA1,18,0.21460584,0.20443141,-0.01467859026415257,0.79870605,0.8302339252672697,False,
MT-ND3,18,3.6518626,3.4776702,-0.2513065528855636,0.8317261,0.8533293488737825,False,
SLC39A14,18,0.0077143107,0.007547519,-0.00024062925723180673,0.8317261,0.8533293488737825,True,0.83172607421875
HMHA1,18,0.12237247,0.12065799,-0.0024734759825402715,0.8927384,0.9100172096683133,False,
TALAM1,18,0.9946658,0.99520195,0.0007734919722554818,0.97212535,0.9721253514289856,False,
PITPNA,18,0.11854255,0.114687495,-0.005561671703842616,0.96611786,0.9721253514289856,False,
ENSG00000289901,18,0.8914958,0.8943065,0.004054920950717871,0.97212535,0.9721253514289856,False,
